Year,Naics,State,bread,dairy,dry,meat,prepared,produce,excess_high_lbs,excess_low_lbs,excess_fac_cnt
2018,Caterers,AK,25,37,81,63,313,51,764348,298453,36
2018,Caterers,AL,187,279,615,478,2385,389,5080187,2268033,212
2018,Caterers,AR,111,166,366,284,1419,231,2369076,1060134,95
2018,Caterers,AZ,530,792,1741,1354,6757,1101,11087986,4290133,480
2018,Caterers,CA,6840,10219,22472,17475,18510824,14211,88978698,46515199,2887
2018,Caterers,CO,589,880,1935,1505,7508,1224,11389335,5244687,457
2018,Caterers,CT,898,1341,2950,2294,2429880,1866,10472682,5134245,426
2018,Caterers,DE,47,70,153,119,595,97,1756967,632715,74
2018,Caterers,FL,1412,2109,4638,3607,17996,2933,66639819,28071934,2864
2018,Caterers,GA,760,1136,2498,1943,9693,1580,25295019,8775003,1110
2018,Caterers,HI,152,227,499,388,1934,315,4599795,2778078,116
2018,Caterers,IA,121,182,399,310,1549,252,5565514,1740769,155
2018,Caterers,ID,62,92,203,158,788,128,1465648,550027,81
2018,Caterers,IL,2230,3332,7328,5699,28433,4634,28176421,14767870,861
2018,Caterers,IN,646,965,2121,1650,8231,1342,9785798,3999187,411
2018,Caterers,KS,143,213,469,365,1821,297,3440670,1672872,127
2018,Caterers,KY,277,414,911,708,3534,576,19739785,4556551,229
2018,Caterers,LA,447,668,1469,1142,5699,929,18655108,7460052,591
2018,Caterers,MA,2041,3049,6704,5214,5522455,4240,14555882,7964528,454
2018,Caterers,MD,1338,1999,4396,3419,3621392,2780,15485158,7090650,602
2018,Caterers,ME,120,180,395,308,1534,250,1213492,585631,59
2018,Caterers,MI,1428,2133,4691,3648,18201,2966,15610805,6566685,591
2018,Caterers,MN,661,987,2170,1688,8421,1373,10303788,4284078,327
2018,Caterers,MO,737,1102,2422,1884,9399,1532,10763513,4431143,341
2018,Caterers,MS,73,109,240,186,930,152,4026153,1918372,131
2018,Caterers,MT,44,65,144,112,559,91,1499369,629829,64
2018,Caterers,NC,622,930,2045,1590,7935,1293,17922135,7809060,651
2018,Caterers,ND,25,38,83,65,323,53,1541410,506087,54
2018,Caterers,NE,155,231,509,396,1975,322,2955462,1354155,104
2018,Caterers,NH,92,137,302,235,1173,191,1988879,851516,67
2018,Caterers,NJ,2334,3487,7669,5963,6316796,4850,27371777,13621748,903
2018,Caterers,NM,70,105,231,180,896,146,2590668,991919,111
2018,Caterers,NV,148,220,485,377,1881,307,5743028,3895677,146
2018,Caterers,NY,5345,7986,17562,13657,14466230,11106,47169378,24306582,1787
2018,Caterers,OH,1247,1863,4096,3185,15893,2590,18088788,8714725,644
2018,Caterers,OK,249,372,818,636,3172,517,4937381,1552484,180
2018,Caterers,OR,489,731,1608,1251,1324646,1017,7264647,3465731,291
2018,Caterers,PA,1386,2071,4555,3542,17673,2881,27309995,11558788,1163
2018,Caterers,RI,226,338,744,579,612862,471,2288991,1074809,77
2018,Caterers,SC,418,625,1374,1068,5331,869,6323908,2793712,271
2018,Caterers,SD,25,37,82,64,318,52,1156214,452682,40
2018,Caterers,TN,421,628,1382,1075,5362,874,12730781,6248932,432
2018,Caterers,TX,1823,2724,5990,4658,23242,3788,54049016,20184856,1791
2018,Caterers,UT,304,454,998,776,3873,631,3916346,1860778,149
2018,Caterers,VA,675,1008,2218,1724,8604,1402,20405160,7250538,683
2018,Caterers,VT,110,164,360,280,296762,228,1039430,516972,53
2018,Caterers,WA,1038,1550,3410,2651,2808457,2156,9596357,4942706,369
2018,Caterers,WI,584,873,1919,1492,7446,1214,7350705,2832271,209
2018,Caterers,WV,26,38,84,65,325,53,2471718,1304877,75
2018,Caterers,WY,35,53,115,90,448,73,364202,194408,21
2018,Full-Service Restaurants,AK,476,944,2127,1708,8135,1425,17524658,7930288,536
2018,Full-Service Restaurants,AL,11738,20721,36009,33416,152881,24945,114919066,55257916,2515
2018,Full-Service Restaurants,AR,5726,9920,21325,16630,80392,13767,57327297,27368723,1473
2018,Full-Service Restaurants,AZ,14135,24711,55518,43039,207542,33097,231204016,110959477,5695
2018,Full-Service Restaurants,CA,80438,143977,339978,256543,14425699,207002,1491779280,794580236,37185
2018,Full-Service Restaurants,CO,12661,21203,49208,38104,182619,29292,195507751,103100674,5185
2018,Full-Service Restaurants,CT,7719,11744,28403,22265,1229129,17647,120343956,60474007,3361
2018,Full-Service Restaurants,DE,2439,3716,7052,6841,30547,5116,31002852,15679448,678
2018,Full-Service Restaurants,FL,64141,95886,206519,188210,839494,140204,1091889938,545086763,26689
2018,Full-Service Restaurants,GA,27195,51172,88251,77284,365986,58999,328385069,161709183,8715
2018,Full-Service Restaurants,HI,1785,3234,9636,7185,34010,5937,47021028,26033493,1256
2018,Full-Service Restaurants,IA,4191,7191,15510,13104,60902,10061,72193464,33206640,1820
2018,Full-Service Restaurants,ID,2430,4363,7830,6997,32633,5206,44499435,22406502,1161
2018,Full-Service Restaurants,IL,22485,36229,86669,61182,308337,45802,457530753,172110037,8015
2018,Full-Service Restaurants,IN,15063,23606,46281,40972,191292,32268,179232020,92210621,3993
2018,Full-Service Restaurants,KS,5805,9893,22273,15890,80571,12879,69447305,31150086,1591
2018,Full-Service Restaurants,KY,11216,20427,39717,30172,150996,22606,124588267,52728895,2532
2018,Full-Service Restaurants,LA,7064,13361,21570,19782,93715,15824,141610876,70263704,3627
2018,Full-Service Restaurants,MA,18145,29914,73248,53434,3044997,40817,225664512,128226200,5512
2018,Full-Service Restaurants,MD,17173,27770,67600,54217,2990683,44269,180724719,100684668,4232
2018,Full-Service Restaurants,ME,1816,2833,7006,4553,24114,3852,32779303,17802552,846
2018,Full-Service Restaurants,MI,15476,24473,52657,45400,209765,34613,221672537,108875859,5045
2018,Full-Service Restaurants,MN,8844,13489,28661,26052,116837,19296,230070334,82800974,3264
2018,Full-Service Restaurants,MO,12370,20755,42899,36024,169286,28140,144680428,72769743,3440
2018,Full-Service Restaurants,MS,5072,10518,15334,13879,67371,11139,63254949,29759780,1505
2018,Full-Service Restaurants,MT,1493,2214,5097,4926,21107,3679,26322278,13536977,729
2018,Full-Service Restaurants,NC,21339,36396,74709,59099,288082,46660,308233980,139881415,6707
2018,Full-Service Restaurants,ND,1815,2693,6460,5626,25338,4291,16562681,8094718,389
2018,Full-Service Restaurants,NE,3108,5501,11206,9277,44103,7179,45284162,21322996,1064
2018,Full-Service Restaurants,NH,2846,4651,11529,6797,38173,5924,36300358,17670294,899
2018,Full-Service Restaurants,NJ,20651,32218,76863,63466,3427139,48953,270200753,137190094,7794
2018,Full-Service Restaurants,NM,4257,7550,15146,12208,58889,9009,64272620,34369453,1449
2018,Full-Service Restaurants,NV,6663,11304,26531,21378,100208,16225,88667002,47630073,2060
2018,Full-Service Restaurants,NY,30357,49872,114421,93116,5121893,73846,655536002,349778872,21625
2018,Full-Service Restaurants,OH,28877,50902,97099,77156,380057,58410,316165971,160219719,6108
2018,Full-Service Restaurants,OK,10599,14616,33866,30280,133639,22555,97897029,47456845,2436
2018,Full-Service Restaurants,OR,6437,13100,21806,18268,1026107,13520,173535138,93281339,4570
2018,Full-Service Restaurants,PA,23792,38059,78822,67024,314225,51376,369538808,175983154,10298
2018,Full-Service Restaurants,RI,2186,3502,7993,6248,351502,4922,34542472,17218048,941
2018,Full-Service Restaurants,SC,11745,22370,37482,32622,156243,24655,124779354,62916254,3011
2018,Full-Service Restaurants,SD,1472,2281,5154,4389,20246,3531,16340541,7779017,434
2018,Full-Service Restaurants,TN,17772,31610,61956,50174,242983,39699,318089549,113920222,4233
2018,Full-Service Restaurants,TX,70784,110973,299060,197284,1009875,167995,1153776264,513530393,23064
2018,Full-Service Restaurants,UT,4136,8097,15523,13146,62083,10126,86530475,38043804,1978
2018,Full-Service Restaurants,VA,21775,35343,88289,62920,312725,51962,268595552,134843876,6916
2018,Full-Service Restaurants,VT,631,974,2131,1659,96856,1306,17667590,9395988,522
2018,Full-Service Restaurants,WA,11098,19523,40657,36713,1915307,27883,221033286,116212675,5916
2018,Full-Service Restaurants,WI,7530,11399,25662,24140,105732,18363,117398429,56128875,2672
2018,Full-Service Restaurants,WV,3726,7127,12609,9793,49762,7541,52871567,17889779,908
2018,Full-Service Restaurants,WY,699,1508,2226,1899,9434,1427,15183837,7406158,360
2018,Limited-Service Restaurants,AK,1638,4097,3157,2374,16866,1787,11949592,6517993,365
2018,Limited-Service Restaurants,AL,22524,51457,37165,31572,209903,21649,68275350,36112020,1738
2018,Limited-Service Restaurants,AR,13175,30098,23359,18897,124788,12987,64188845,27523714,1228
2018,Limited-Service Restaurants,AZ,26116,67128,49793,38239,269785,27203,129204389,77116682,3547
2018,Limited-Service Restaurants,CA,183474,491421,368681,270833,39235141,195463,841419089,412710218,18392
2018,Limited-Service Restaurants,CO,21616,53230,41712,30945,218814,22695,115568791,69189279,3147
2018,Limited-Service Restaurants,CT,14632,46060,25269,17753,3171516,14347,71518381,38602401,2268
2018,Limited-Service Restaurants,DE,2761,7738,5537,3787,30008,2869,17085134,9295208,420
2018,Limited-Service Restaurants,FL,73916,189209,135754,102721,747327,74223,659724522,346510369,14737
2018,Limited-Service Restaurants,GA,44841,107406,77114,61364,432874,43681,220508063,113119206,5155
2018,Limited-Service Restaurants,HI,3742,11786,7245,5190,42143,3801,27317273,12762887,580
2018,Limited-Service Restaurants,IA,11029,24119,22487,17020,108892,12511,61302257,31983670,1472
2018,Limited-Service Restaurants,ID,5729,14135,11555,8640,58667,6171,30553843,15462218,981
2018,Limited-Service Restaurants,IL,45645,112939,81591,64827,459752,48221,1019693945,137528561,5791
2018,Limited-Service Restaurants,IN,26941,60512,48161,39140,256542,27990,127757481,65285165,3165
2018,Limited-Service Restaurants,KS,12182,30302,23820,17821,122885,12671,155340632,125560696,1260
2018,Limited-Service Restaurants,KY,19896,45789,35490,28463,189537,20070,116021801,48433295,1994
2018,Limited-Service Restaurants,LA,18938,43408,30398,26199,175224,17874,93794679,50757942,2101
2018,Limited-Service Restaurants,MA,25049,90924,50436,30798,5975884,25374,111658997,60588217,3214
2018,Limited-Service Restaurants,MD,28198,73646,54852,39813,5851056,29802,123324899,68211774,2869
2018,Limited-Service Restaurants,ME,3177,9664,5680,4111,35116,3226,17600846,10398674,463
2018,Limited-Service Restaurants,MI,35363,84405,69812,53111,358396,39262,209633634,99158214,4519
2018,Limited-Service Restaurants,MN,16938,40711,34382,25469,174808,19287,123854824,67336992,2572
2018,Limited-Service Restaurants,MO,24530,56710,46261,36344,239073,25631,125838772,73602367,2622
2018,Limited-Service Restaurants,MS,13002,28335,22034,18799,120353,12880,52086715,25190488,1097
2018,Limited-Service Restaurants,MT,3121,6802,6721,4918,31134,3560,18198863,8984717,519
2018,Limited-Service Restaurants,NC,43258,99926,74562,60101,414204,43064,240036172,99422842,4747
2018,Limited-Service Restaurants,ND,2567,5617,5490,3898,25578,2898,17362927,7698267,356
2018,Limited-Service Restaurants,NE,8070,19469,15256,11434,80408,8710,45508553,20081541,855
2018,Limited-Service Restaurants,NH,3530,11540,6750,4561,40964,3604,16838526,9470438,546
2018,Limited-Service Restaurants,NJ,30571,99056,58887,38677,6847041,29772,178120780,103127183,5291
2018,Limited-Service Restaurants,NM,7551,17588,13430,10995,73091,7710,37040193,17227169,889
2018,Limited-Service Restaurants,NV,12619,32962,24172,18048,130297,12806,51044477,30389549,1266
2018,Limited-Service Restaurants,NY,62218,200456,114947,77210,13763253,61146,443734960,219238864,14597
2018,Limited-Service Restaurants,OH,46611,110959,86586,66128,454997,48130,238278559,133884713,5574
2018,Limited-Service Restaurants,OK,17683,41797,33633,25885,172958,18145,76915488,34090230,1745
2018,Limited-Service Restaurants,OR,18891,53345,39484,26952,4103616,20350,93847066,54930083,2517
2018,Limited-Service Restaurants,PA,32862,92357,63059,44946,350621,33916,246147491,121440108,7562
2018,Limited-Service Restaurants,RI,4305,14182,8364,5445,974500,4384,19343948,11134534,559
2018,Limited-Service Restaurants,SC,21582,49437,35403,29615,202830,20728,91339143,45037153,2150
2018,Limited-Service Restaurants,SD,3189,6948,7369,5027,32522,3778,21025273,12699489,388
2018,Limited-Service Restaurants,TN,30688,71806,52745,43697,292946,30188,163324404,74232365,3152
2018,Limited-Service Restaurants,TX,122219,286593,212695,170235,1171353,118574,623814993,332151523,13523
2018,Limited-Service Restaurants,UT,11737,26350,22885,17294,113245,12265,58875500,29096476,1364
2018,Limited-Service Restaurants,VA,32658,83234,59404,45135,328077,32636,145230389,82783748,4036
2018,Limited-Service Restaurants,VT,1703,4909,3028,2254,357528,1797,9242999,5438619,308
2018,Limited-Service Restaurants,WA,31093,83243,65281,45432,6636127,34590,141331042,77433146,3661
2018,Limited-Service Restaurants,WI,18838,38555,34569,29092,176876,21097,110993606,55006410,2228
2018,Limited-Service Restaurants,WV,6868,16386,12970,9950,67474,7121,25949914,14071677,740
2018,Limited-Service Restaurants,WY,2372,5328,4902,3429,22866,2476,7573466,4216005,215
2019,Caterers,AK,23,35,76,59,346,48,764348,298453,36
2019,Caterers,AL,171,256,563,438,2557,356,5080187,2268033,212
2019,Caterers,AR,102,153,336,262,1529,213,2369076,1060134,95
2019,Caterers,AZ,408,610,1341,1043,6091,848,11087986,4290133,480
2019,Caterers,CA,19500,29136,64070,49824,822381,40518,88978698,46515199,2887
2019,Caterers,CO,558,833,1832,1425,8323,1159,11389335,5244687,457
2019,Caterers,CT,2506,3745,8235,6404,105705,5208,10472682,5134245,426
2019,Caterers,DE,40,60,131,102,597,83,1756967,632715,74
2019,Caterers,FL,1316,1967,4325,3363,19649,2735,66639819,28071934,2864
2019,Caterers,GA,739,1104,2429,1889,11034,1536,25295019,8775003,1110
2019,Caterers,HI,138,206,453,352,2056,286,4599795,2778078,116
2019,Caterers,IA,114,171,376,292,1707,238,5565514,1740769,155
2019,Caterers,ID,68,102,223,174,1015,141,1465648,550027,81
2019,Caterers,IL,2057,3074,6759,5256,30707,4275,28176421,14767870,861
2019,Caterers,IN,581,867,1908,1483,8666,1206,9785798,3999187,411
2019,Caterers,KS,147,219,482,375,2189,305,3440670,1672872,127
2019,Caterers,KY,289,432,951,739,4320,601,19739785,4556551,229
2019,Caterers,LA,436,652,1434,1115,6514,907,18655108,7460052,591
2019,Caterers,MA,5842,8729,19195,14927,246378,12139,14555882,7964528,454
2019,Caterers,MD,3940,5887,12945,10067,166160,8187,15485158,7090650,602
2019,Caterers,ME,109,163,358,278,1625,226,1213492,585631,59
2019,Caterers,MI,1314,1963,4316,3357,19609,2730,15610805,6566685,591
2019,Caterers,MN,575,858,1888,1468,8576,1194,10303788,4284078,327
2019,Caterers,MO,711,1062,2336,1817,10613,1477,10763513,4431143,341
2019,Caterers,MS,63,95,208,162,945,132,4026153,1918372,131
2019,Caterers,MT,49,73,160,124,727,101,1499369,629829,64
2019,Caterers,NC,624,932,2049,1593,9308,1296,17922135,7809060,651
2019,Caterers,ND,26,39,87,67,394,55,1541410,506087,54
2019,Caterers,NE,146,219,481,374,2186,304,2955462,1354155,104
2019,Caterers,NH,112,168,369,287,1678,234,1988879,851516,67
2019,Caterers,NJ,6629,9904,21779,16936,279550,13773,27371777,13621748,903
2019,Caterers,NM,72,108,238,185,1081,151,2590668,991919,111
2019,Caterers,NV,149,222,488,380,2218,309,5743028,3895677,146
2019,Caterers,NY,15331,22906,50371,39170,646539,31854,47169378,24306582,1787
2019,Caterers,OH,1183,1768,3888,3023,17662,2459,18088788,8714725,644
2019,Caterers,OK,239,356,784,610,3561,496,4937381,1552484,180
2019,Caterers,OR,1493,2231,4907,3816,62984,3103,7264647,3465731,291
2019,Caterers,PA,1288,1924,4232,3291,19226,2676,27309995,11558788,1163
2019,Caterers,RI,704,1051,2312,1798,29679,1462,2288991,1074809,77
2019,Caterers,SC,427,638,1403,1091,6373,887,6323908,2793712,271
2019,Caterers,SD,27,40,89,69,402,56,1156214,452682,40
2019,Caterers,TN,405,605,1331,1035,6048,842,12730781,6248932,432
2019,Caterers,TX,1861,2780,6114,4754,27775,3866,54049016,20184856,1791
2019,Caterers,UT,301,449,988,769,4490,625,3916346,1860778,149
2019,Caterers,VA,657,982,2158,1679,9806,1365,20405160,7250538,683
2019,Caterers,VT,333,497,1094,851,14041,692,1039430,516972,53
2019,Caterers,WA,3210,4796,10547,8202,135383,6670,9596357,4942706,369
2019,Caterers,WI,554,828,1820,1415,8269,1151,7350705,2832271,209
2019,Caterers,WV,24,36,79,62,360,50,2471718,1304877,75
2019,Caterers,WY,33,50,109,85,495,69,364202,194408,21
2019,Full-Service Restaurants,AK,446,888,1999,1609,8962,1344,17524658,7930288,536
2019,Full-Service Restaurants,AL,11013,19456,33747,31359,167957,23434,114919066,55257916,2515
2019,Full-Service Restaurants,AR,5365,9305,19951,15607,88249,12930,57327297,27368723,1473
2019,Full-Service Restaurants,AZ,13251,23177,52021,40352,227835,31061,231204016,110959477,5695
2019,Full-Service Restaurants,CA,228977,410159,967583,730406,4533502,589829,1491779280,794580236,37185
2019,Full-Service Restaurants,CO,11857,19861,46036,35643,200128,27431,195507751,103100674,5185
2019,Full-Service Restaurants,CT,21969,33443,80793,63477,385729,50329,120343956,60474007,3361
2019,Full-Service Restaurants,DE,2286,3483,6601,6403,33495,4794,31002852,15679448,678
2019,Full-Service Restaurants,FL,60138,89889,193285,176185,920630,131409,1091889938,545086763,26689
2019,Full-Service Restaurants,GA,25503,48025,82658,72420,401701,55343,328385069,161709183,8715
2019,Full-Service Restaurants,HI,1672,3031,9039,6740,37358,5578,47021028,26033493,1256
2019,Full-Service Restaurants,IA,3929,6743,14531,12271,66823,9435,72193464,33206640,1820
2019,Full-Service Restaurants,ID,2278,4092,7332,6546,35787,4879,44499435,22406502,1161
2019,Full-Service Restaurants,IL,21063,33942,81106,57275,338040,42914,457530753,172110037,8015
2019,Full-Service Restaurants,IN,14118,22130,43310,38370,209807,30256,179232020,92210621,3993
2019,Full-Service Restaurants,KS,5434,9268,20826,14876,88303,12064,69447305,31150086,1591
2019,Full-Service Restaurants,KY,10517,19166,37199,28287,165752,21218,124588267,52728895,2532
2019,Full-Service Restaurants,LA,6629,12548,20224,18567,102987,14873,141610876,70263704,3627
2019,Full-Service Restaurants,MA,51614,85106,208262,151844,956617,116129,225664512,128226200,5512
2019,Full-Service Restaurants,MD,48901,79099,192314,154330,927004,126161,180724719,100684668,4232
2019,Full-Service Restaurants,ME,1698,2651,6545,4269,26425,3611,32779303,17802552,846
2019,Full-Service Restaurants,MI,14500,22932,49288,42492,229994,32438,221672537,108875859,5045
2019,Full-Service Restaurants,MN,8287,12641,26830,24391,128116,18078,230070334,82800974,3264
2019,Full-Service Restaurants,MO,11589,19454,40138,33727,185621,26376,144680428,72769743,3440
2019,Full-Service Restaurants,MS,4758,9877,14366,13013,73983,10457,63254949,29759780,1505
2019,Full-Service Restaurants,MT,1402,2078,4785,4626,23206,3458,26322278,13536977,729
2019,Full-Service Restaurants,NC,19997,34128,69928,55388,316074,43769,308233980,139881415,6707
2019,Full-Service Restaurants,ND,1701,2525,6053,5274,27813,4027,16562681,8094718,389
2019,Full-Service Restaurants,NE,2914,5162,10506,8705,48443,6741,45284162,21322996,1064
2019,Full-Service Restaurants,NH,2659,4350,10763,6366,41791,5546,36300358,17670294,899
2019,Full-Service Restaurants,NJ,58771,91676,218551,180349,1069748,139298,270200753,137190094,7794
2019,Full-Service Restaurants,NM,3991,7081,14190,11434,64617,8447,64272620,34369453,1449
2019,Full-Service Restaurants,NV,6245,10598,24864,20034,109978,15221,88667002,47630073,2060
2019,Full-Service Restaurants,NY,86408,142012,325613,265031,1600773,210446,655536002,349778872,21625
2019,Full-Service Restaurants,OH,27069,47737,90894,72237,416851,54748,316165971,160219719,6108
2019,Full-Service Restaurants,OK,9930,13695,31666,28387,146560,21144,97897029,47456845,2436
2019,Full-Service Restaurants,OR,18351,37369,62067,51936,323197,38487,173535138,93281339,4570
2019,Full-Service Restaurants,PA,22292,35665,73754,62731,344492,48140,369538808,175983154,10298
2019,Full-Service Restaurants,RI,6218,9968,22731,17781,109994,14019,34542472,17218048,941
2019,Full-Service Restaurants,SC,11017,20995,35110,30555,171474,23124,124779354,62916254,3011
2019,Full-Service Restaurants,SD,1379,2137,4823,4113,22208,3311,16340541,7779017,434
2019,Full-Service Restaurants,TN,16650,29641,57987,47020,266572,37236,318089549,113920222,4233
2019,Full-Service Restaurants,TX,66188,103803,279185,184533,1105431,157210,1153776264,513530393,23064
2019,Full-Service Restaurants,UT,3881,7605,14567,12343,68248,9519,86530475,38043804,1978
2019,Full-Service Restaurants,VA,20374,33082,82498,58863,342512,48646,268595552,134843876,6916
2019,Full-Service Restaurants,VT,1794,2774,6065,4729,29942,3725,17667590,9395988,522
2019,Full-Service Restaurants,WA,31602,55581,115599,104101,599703,79230,221033286,116212675,5916
2019,Full-Service Restaurants,WI,7061,10691,24060,22636,116102,17236,117398429,56128875,2672
2019,Full-Service Restaurants,WV,3495,6690,11821,9195,54677,7088,52871567,17889779,908
2019,Full-Service Restaurants,WY,656,1416,2086,1778,10355,1339,15183837,7406158,360
2019,Limited-Service Restaurants,AK,1561,3920,3009,2255,18851,1695,11949592,6517993,365
2019,Limited-Service Restaurants,AL,21638,48878,35446,30238,234897,20686,68275350,36112020,1738
2019,Limited-Service Restaurants,AR,12632,28571,22246,18063,139402,12383,64188845,27523714,1228
2019,Limited-Service Restaurants,AZ,25000,64066,47554,36514,301982,25932,129204389,77116682,3547
2019,Limited-Service Restaurants,CA,534714,1425172,1071646,787793,7788824,567583,841419089,412710218,18392
2019,Limited-Service Restaurants,CO,20677,50875,39877,29512,244982,21601,115568791,69189279,3147
2019,Limited-Service Restaurants,CT,42620,134837,73856,51510,646158,41638,71518381,38602401,2268
2019,Limited-Service Restaurants,DE,2648,7395,5289,3620,33630,2739,17085134,9295208,420
2019,Limited-Service Restaurants,FL,70875,180370,129620,98196,836750,70823,659724522,346510369,14737
2019,Limited-Service Restaurants,GA,43159,102211,73677,58882,485333,41816,220508063,113119206,5155
2019,Limited-Service Restaurants,HI,3561,11153,6892,4949,46917,3619,27317273,12762887,580
2019,Limited-Service Restaurants,IA,10498,22992,21383,16149,121343,11841,61302257,31983670,1472
2019,Limited-Service Restaurants,ID,5462,13450,11004,8221,65430,5859,30553843,15462218,981
2019,Limited-Service Restaurants,IL,43569,107982,77859,61702,514309,45813,1019693945,137528561,5791
2019,Limited-Service Restaurants,IN,25684,57558,45837,37221,286027,26548,127757481,65285165,3165
2019,Limited-Service Restaurants,KS,11608,28729,22639,16952,136781,12025,155340632,125560696,1260
2019,Limited-Service Restaurants,KY,19006,43401,33748,27127,211232,19075,116021801,48433295,1994
2019,Limited-Service Restaurants,LA,18197,41237,29004,25101,196137,17086,93794679,50757942,2101
2019,Limited-Service Restaurants,MA,72776,264940,146892,89235,1215022,73604,111658997,60588217,3214
2019,Limited-Service Restaurants,MD,82160,213712,159197,115641,1169862,86398,123324899,68211774,2869
2019,Limited-Service Restaurants,ME,3036,9286,5439,3914,39422,3071,17600846,10398674,463
2019,Limited-Service Restaurants,MI,33679,80545,66432,50419,399863,37201,209633634,99158214,4519
2019,Limited-Service Restaurants,MN,16099,38888,32720,24145,194940,18250,123854824,67336992,2572
2019,Limited-Service Restaurants,MO,23419,53896,44016,34604,266600,24343,125838772,73602367,2622
2019,Limited-Service Restaurants,MS,12487,26929,20996,17989,134648,12293,52086715,25190488,1097
2019,Limited-Service Restaurants,MT,2966,6474,6387,4663,34636,3366,18198863,8984717,519
2019,Limited-Service Restaurants,NC,41635,95536,71323,57591,465172,41177,240036172,99422842,4747
2019,Limited-Service Restaurants,ND,2444,5358,5223,3698,28502,2742,17362927,7698267,356
2019,Limited-Service Restaurants,NE,7678,18523,14524,10853,89618,8250,45508553,20081541,855
2019,Limited-Service Restaurants,NH,3378,11095,6472,4348,46036,3437,16838526,9470438,546
2019,Limited-Service Restaurants,NJ,89152,288485,171406,112493,1389506,86569,178120780,103127183,5291
2019,Limited-Service Restaurants,NM,7217,16753,12798,10481,81651,7333,37040193,17227169,889
2019,Limited-Service Restaurants,NV,12095,31426,23105,17259,145895,12226,51044477,30389549,1266
2019,Limited-Service Restaurants,NY,180925,583667,334519,223930,2788936,177323,443734960,219238864,14597
2019,Limited-Service Restaurants,OH,44443,105434,82429,62894,507203,45668,238278559,133884713,5574
2019,Limited-Service Restaurants,OK,16900,39511,31955,24692,192579,17261,76915488,34090230,1745
2019,Limited-Service Restaurants,OR,54826,155149,114606,77991,823138,58825,93847066,54930083,2517
2019,Limited-Service Restaurants,PA,31307,87852,59997,42738,390987,32203,246147491,121440108,7562
2019,Limited-Service Restaurants,RI,12529,41342,24356,15791,197844,12718,19343948,11134534,559
2019,Limited-Service Restaurants,SC,20811,47236,33885,28436,227982,19862,91339143,45037153,2150
2019,Limited-Service Restaurants,SD,3036,6629,7007,4766,36233,3574,21025273,12699489,388
2019,Limited-Service Restaurants,TN,29416,68294,50282,41765,327567,28788,163324404,74232365,3152
2019,Limited-Service Restaurants,TX,117663,272913,203308,163360,1313625,113530,623814993,332151523,13523
2019,Limited-Service Restaurants,UT,11212,25050,21822,16478,126365,11654,58875500,29096476,1364
2019,Limited-Service Restaurants,VA,31282,79206,56682,43129,366908,31121,145230389,82783748,4036
2019,Limited-Service Restaurants,VT,4932,14322,8797,6503,72419,5182,9242999,5438619,308
2019,Limited-Service Restaurants,WA,90151,241953,189242,131304,1329068,99840,141331042,77433146,3661
2019,Limited-Service Restaurants,WI,17890,36732,32859,27568,196899,19937,110993606,55006410,2228
2019,Limited-Service Restaurants,WV,6541,15505,12305,9459,75007,6752,25949914,14071677,740
2019,Limited-Service Restaurants,WY,2259,5056,4666,3256,25442,2345,7573466,4216005,215
2020,Caterers,AK,8,11,25,19,97,16,764348,298453,36
2020,Caterers,AL,70,105,231,180,901,146,5080187,2268033,212
2020,Caterers,AR,49,73,160,124,622,101,2369076,1060134,95
2020,Caterers,AZ,166,248,545,424,2124,345,11087986,4290133,480
2020,Caterers,CA,3942,5890,12952,10072,2644914,8191,88978698,46515199,2887
2020,Caterers,CO,184,274,603,469,2349,381,11389335,5244687,457
2020,Caterers,CT,460,687,1512,1176,308724,956,10472682,5134245,426
2020,Caterers,DE,14,21,47,37,184,30,1756967,632715,74
2020,Caterers,FL,637,952,2092,1627,8147,1323,66639819,28071934,2864
2020,Caterers,GA,327,489,1075,836,4187,680,25295019,8775003,1110
2020,Caterers,HI,65,98,214,167,835,136,4599795,2778078,116
2020,Caterers,IA,48,72,159,124,620,101,5565514,1740769,155
2020,Caterers,ID,30,45,100,78,389,63,1465648,550027,81
2020,Caterers,IL,677,1011,2223,1729,8656,1406,28176421,14767870,861
2020,Caterers,IN,247,369,811,631,3157,513,9785798,3999187,411
2020,Caterers,KS,60,90,197,153,767,125,3440670,1672872,127
2020,Caterers,KY,109,163,358,279,1395,227,19739785,4556551,229
2020,Caterers,LA,183,273,601,467,2340,380,18655108,7460052,591
2020,Caterers,MA,1085,1621,3565,2772,727975,2254,14555882,7964528,454
2020,Caterers,MD,831,1241,2729,2122,557254,1726,15485158,7090650,602
2020,Caterers,ME,32,48,106,82,413,67,1213492,585631,59
2020,Caterers,MI,494,738,1624,1263,6322,1027,15610805,6566685,591
2020,Caterers,MN,198,296,651,506,2535,412,10303788,4284078,327
2020,Caterers,MO,245,367,806,627,3139,510,10763513,4431143,341
2020,Caterers,MS,32,48,106,82,412,67,4026153,1918372,131
2020,Caterers,MT,21,31,69,53,268,43,1499369,629829,64
2020,Caterers,NC,250,374,823,640,3204,520,17922135,7809060,651
2020,Caterers,ND,9,14,31,24,119,19,1541410,506087,54
2020,Caterers,NE,58,87,191,149,745,121,2955462,1354155,104
2020,Caterers,NH,51,76,168,130,653,106,1988879,851516,67
2020,Caterers,NJ,1364,2038,4482,3485,915265,2834,27371777,13621748,903
2020,Caterers,NM,17,26,57,45,223,36,2590668,991919,111
2020,Caterers,NV,58,87,192,149,747,121,5743028,3895677,146
2020,Caterers,NY,2647,3955,8698,6764,1776209,5500,47169378,24306582,1787
2020,Caterers,OH,451,674,1483,1153,5773,938,18088788,8714725,644
2020,Caterers,OK,120,179,394,306,1534,249,4937381,1552484,180
2020,Caterers,OR,317,474,1042,811,212877,659,7264647,3465731,291
2020,Caterers,PA,432,646,1421,1105,5531,898,27309995,11558788,1163
2020,Caterers,RI,147,220,484,376,98783,306,2288991,1074809,77
2020,Caterers,SC,193,289,635,494,2472,402,6323908,2793712,271
2020,Caterers,SD,11,17,37,29,146,24,1156214,452682,40
2020,Caterers,TN,175,261,574,446,2234,363,12730781,6248932,432
2020,Caterers,TX,819,1223,2690,2092,10475,1701,54049016,20184856,1791
2020,Caterers,UT,131,195,429,334,1671,271,3916346,1860778,149
2020,Caterers,VA,221,331,727,566,2832,460,20405160,7250538,683
2020,Caterers,VT,55,82,181,141,36913,114,1039430,516972,53
2020,Caterers,WA,703,1050,2310,1796,471684,1461,9596357,4942706,369
2020,Caterers,WI,200,299,657,511,2557,415,7350705,2832271,209
2020,Caterers,WV,9,14,31,24,119,19,2471718,1304877,75
2020,Caterers,WY,13,19,42,33,163,26,364202,194408,21
2020,Full-Service Restaurants,AK,305,604,1424,1127,5385,941,17524658,7930288,536
2020,Full-Service Restaurants,AL,7430,13003,23457,21210,98029,15892,114919066,55257916,2515
2020,Full-Service Restaurants,AR,3688,6334,14194,10714,52537,8958,57327297,27368723,1473
2020,Full-Service Restaurants,AZ,9099,15862,37104,27939,136386,21531,231204016,110959477,5695
2020,Full-Service Restaurants,CA,96584,172108,423677,311827,5469200,253072,1491779280,794580236,37185
2020,Full-Service Restaurants,CO,8150,13617,32688,24557,119405,18955,195507751,103100674,5185
2020,Full-Service Restaurants,CT,9285,14139,35149,26855,463292,21406,120343956,60474007,3361
2020,Full-Service Restaurants,DE,1542,2342,4533,4324,19479,3236,31002852,15679448,678
2020,Full-Service Restaurants,FL,40952,61113,136056,120083,543544,89862,1091889938,545086763,26689
2020,Full-Service Restaurants,GA,17200,32046,57573,49118,234874,37636,328385069,161709183,8715
2020,Full-Service Restaurants,HI,1163,2118,6507,4772,22760,3951,47021028,26033493,1256
2020,Full-Service Restaurants,IA,2677,4580,10266,8447,39691,6504,72193464,33206640,1820
2020,Full-Service Restaurants,ID,1542,2750,5098,4442,20945,3305,44499435,22406502,1161
2020,Full-Service Restaurants,IL,14632,23613,58262,39714,203652,29689,457530753,172110037,8015
2020,Full-Service Restaurants,IN,9595,14969,30233,26100,123239,20615,179232020,92210621,3993
2020,Full-Service Restaurants,KS,3748,6350,14861,10267,52820,8365,69447305,31150086,1591
2020,Full-Service Restaurants,KY,7223,13062,26425,19396,98526,14516,124588267,52728895,2532
2020,Full-Service Restaurants,LA,4462,8356,13997,12588,60021,10098,141610876,70263704,3627
2020,Full-Service Restaurants,MA,21978,36288,90926,64538,1152559,49325,225664512,128226200,5512
2020,Full-Service Restaurants,MD,20643,33304,84238,65687,1128522,54040,180724719,100684668,4232
2020,Full-Service Restaurants,ME,1181,1840,4668,2949,15851,2509,32779303,17802552,846
2020,Full-Service Restaurants,MI,9883,15610,34542,29048,135808,22193,221672537,108875859,5045
2020,Full-Service Restaurants,MN,5609,8536,18706,16603,75259,12340,230070334,82800974,3264
2020,Full-Service Restaurants,MO,7895,13174,28159,23023,109498,18079,144680428,72769743,3440
2020,Full-Service Restaurants,MS,3180,6515,9850,8759,42751,7063,63254949,29759780,1505
2020,Full-Service Restaurants,MT,945,1403,3376,3182,13758,2390,26322278,13536977,729
2020,Full-Service Restaurants,NC,13682,23199,49452,37975,187471,30085,308233980,139881415,6707
2020,Full-Service Restaurants,ND,1162,1728,4296,3635,16579,2785,16562681,8094718,389
2020,Full-Service Restaurants,NE,1981,3491,7410,5987,28717,4642,45284162,21322996,1064
2020,Full-Service Restaurants,NH,1858,3024,7703,4414,25160,3867,36300358,17670294,899
2020,Full-Service Restaurants,NJ,24755,38658,94595,76178,1284528,58992,270200753,137190094,7794
2020,Full-Service Restaurants,NM,2722,4808,10009,7843,38286,5779,64272620,34369453,1449
2020,Full-Service Restaurants,NV,4275,7254,17644,13863,65699,10545,88667002,47630073,2060
2020,Full-Service Restaurants,NY,36344,59680,140654,112191,1920827,89240,655536002,349778872,21625
2020,Full-Service Restaurants,OH,18487,32371,64107,49345,246416,37330,316165971,160219719,6108
2020,Full-Service Restaurants,OK,6760,9300,22301,19273,86417,14508,97897029,47456845,2436
2020,Full-Service Restaurants,OR,7617,15338,26632,21667,380338,16044,173535138,93281339,4570
2020,Full-Service Restaurants,PA,15192,24225,51666,42785,203083,32870,369538808,175983154,10298
2020,Full-Service Restaurants,RI,2621,4200,9800,7506,131628,5923,34542472,17218048,941
2020,Full-Service Restaurants,SC,7438,14029,24448,20712,100231,15670,124779354,62916254,3011
2020,Full-Service Restaurants,SD,938,1447,3400,2822,13156,2289,16340541,7779017,434
2020,Full-Service Restaurants,TN,11339,20015,40679,32098,157154,25512,318089549,113920222,4233
2020,Full-Service Restaurants,TX,46242,72281,201643,128244,669015,110428,1153776264,513530393,23064
2020,Full-Service Restaurants,UT,2631,5118,10259,8490,40399,6552,86530475,38043804,1978
2020,Full-Service Restaurants,VA,14105,22809,59077,40745,205751,33941,268595552,134843876,6916
2020,Full-Service Restaurants,VT,755,1171,2599,1994,36073,1564,17667590,9395988,522
2020,Full-Service Restaurants,WA,13152,23025,49524,43702,711285,33351,221033286,116212675,5916
2020,Full-Service Restaurants,WI,4774,7231,16851,15525,68576,11861,117398429,56128875,2672
2020,Full-Service Restaurants,WV,2384,4524,8305,6286,32259,4823,52871567,17889779,908
2020,Full-Service Restaurants,WY,442,942,1447,1201,6028,900,15183837,7406158,360
2020,Limited-Service Restaurants,AK,1535,3824,2956,2231,15838,1648,11949592,6517993,365
2020,Limited-Service Restaurants,AL,21995,48253,35513,30871,202560,20833,68275350,36112020,1738
2020,Limited-Service Restaurants,AR,12792,28225,22239,18378,119956,12433,64188845,27523714,1228
2020,Limited-Service Restaurants,AZ,24975,62616,46962,36666,255940,25632,129204389,77116682,3547
2020,Limited-Service Restaurants,CA,327550,847731,648467,485554,19461893,344640,841419089,412710218,18392
2020,Limited-Service Restaurants,CO,20403,49412,39172,29300,205934,21108,115568791,69189279,3147
2020,Limited-Service Restaurants,CT,25671,79622,43959,31265,1561679,24699,71518381,38602401,2268
2020,Limited-Service Restaurants,DE,2634,7134,5197,3631,28275,2701,17085134,9295208,420
2020,Limited-Service Restaurants,FL,70941,175373,128150,98996,709279,70251,659724522,346510369,14737
2020,Limited-Service Restaurants,GA,43691,99744,73405,59930,415303,41943,220508063,113119206,5155
2020,Limited-Service Restaurants,HI,3491,10520,6693,4936,38823,3548,27317273,12762887,580
2020,Limited-Service Restaurants,IA,10333,22618,21117,15983,102546,11546,61302257,31983670,1472
2020,Limited-Service Restaurants,ID,5403,13109,10843,8195,55197,5754,30553843,15462218,981
2020,Limited-Service Restaurants,IL,43028,105367,76570,61233,433125,44661,1019693945,137528561,5791
2020,Limited-Service Restaurants,IN,25462,56543,45344,37101,242558,26044,127757481,65285165,3165
2020,Limited-Service Restaurants,KS,11509,27899,22338,16973,115495,11860,155340632,125560696,1260
2020,Limited-Service Restaurants,KY,18995,42444,33502,27301,179826,18916,116021801,48433295,1994
2020,Limited-Service Restaurants,LA,18513,40734,29076,25655,169260,17225,93794679,50757942,2101
2020,Limited-Service Restaurants,MA,43415,153821,86856,54141,2898740,43672,111658997,60588217,3214
2020,Limited-Service Restaurants,MD,50278,127151,96461,71241,2906229,52365,123324899,68211774,2869
2020,Limited-Service Restaurants,ME,2981,8966,5291,3875,32838,2974,17600846,10398674,463
2020,Limited-Service Restaurants,MI,33190,78795,65476,50015,337131,36303,209633634,99158214,4519
2020,Limited-Service Restaurants,MN,15701,37862,32079,23714,163120,17640,123854824,67336992,2572
2020,Limited-Service Restaurants,MO,23375,52993,43666,34737,226992,24079,125838772,73602367,2622
2020,Limited-Service Restaurants,MS,12722,26823,21101,18361,116663,12385,52086715,25190488,1097
2020,Limited-Service Restaurants,MT,2912,6381,6303,4608,29252,3281,18198863,8984717,519
2020,Limited-Service Restaurants,NC,42138,94275,71167,58432,399289,41133,240036172,99422842,4747
2020,Limited-Service Restaurants,ND,2396,5259,5147,3648,24014,2667,17362927,7698267,356
2020,Limited-Service Restaurants,NE,7459,17747,14186,10649,74493,7966,45508553,20081541,855
2020,Limited-Service Restaurants,NH,3316,10658,6280,4313,38225,3334,16838526,9470438,546
2020,Limited-Service Restaurants,NJ,54496,170564,102939,69587,3390752,52433,178120780,103127183,5291
2020,Limited-Service Restaurants,NM,7228,16547,12710,10537,69697,7258,37040193,17227169,889
2020,Limited-Service Restaurants,NV,12077,30530,22781,17351,123362,12105,51044477,30389549,1266
2020,Limited-Service Restaurants,NY,109185,342716,199542,136821,6747374,106013,443734960,219238864,14597
2020,Limited-Service Restaurants,OH,43810,102150,81139,62558,426686,44704,238278559,133884713,5574
2020,Limited-Service Restaurants,OK,16926,38415,31722,24933,163855,17201,76915488,34090230,1745
2020,Limited-Service Restaurants,OR,33123,92126,68931,47563,2019492,35261,93847066,54930083,2517
2020,Limited-Service Restaurants,PA,30768,84211,58679,42525,326282,31469,246147491,121440108,7562
2020,Limited-Service Restaurants,RI,7539,24190,14511,9629,476929,7591,19343948,11134534,559
2020,Limited-Service Restaurants,SC,21251,46874,34005,29094,197166,20026,91339143,45037153,2150
2020,Limited-Service Restaurants,SD,2971,6485,6905,4699,30482,3478,21025273,12699489,388
2020,Limited-Service Restaurants,TN,29740,67438,50184,42407,281289,28808,163324404,74232365,3152
2020,Limited-Service Restaurants,TX,119499,268387,203033,166546,1129077,114192,623814993,332151523,13523
2020,Limited-Service Restaurants,UT,11090,24432,21535,16409,106787,11446,58875500,29096476,1364
2020,Limited-Service Restaurants,VA,31211,76714,55945,43380,310188,30804,145230389,82783748,4036
2020,Limited-Service Restaurants,VT,2947,8467,5250,3920,174920,3059,9242999,5438619,308
2020,Limited-Service Restaurants,WA,54352,143748,113982,79873,3263261,59734,141331042,77433146,3661
2020,Limited-Service Restaurants,WI,17556,36375,32455,27165,166525,19335,110993606,55006410,2228
2020,Limited-Service Restaurants,WV,6495,15076,12172,9480,63491,6665,25949914,14071677,740
2020,Limited-Service Restaurants,WY,2209,4890,4585,3218,21318,2286,7573466,4216005,215
2021,Caterers,AK,23,35,76,59,160,48,764348,298453,36
2021,Caterers,AL,139,207,456,354,957,288,5080187,2268033,212
2021,Caterers,AR,113,169,372,289,781,235,2369076,1060134,95
2021,Caterers,AZ,351,524,1153,897,2420,729,11087986,4290133,480
2021,Caterers,CA,9093,13586,29876,23233,1683025,18894,88978698,46515199,2887
2021,Caterers,CO,453,676,1487,1156,3121,940,11389335,5244687,457
2021,Caterers,CT,1190,1779,3911,3041,220329,2473,10472682,5134245,426
2021,Caterers,DE,36,53,118,91,247,74,1756967,632715,74
2021,Caterers,FL,1432,2140,4706,3660,9878,2976,66639819,28071934,2864
2021,Caterers,GA,707,1057,2324,1807,4877,1469,25295019,8775003,1110
2021,Caterers,HI,156,234,513,399,1078,325,4599795,2778078,116
2021,Caterers,IA,116,173,381,296,799,241,5565514,1740769,155
2021,Caterers,ID,77,116,255,198,534,161,1465648,550027,81
2021,Caterers,IL,1298,1940,4265,3317,8951,2697,28176421,14767870,861
2021,Caterers,IN,561,838,1843,1433,3867,1165,9785798,3999187,411
2021,Caterers,KS,147,220,484,376,1016,306,3440670,1672872,127
2021,Caterers,KY,272,406,894,695,1875,565,19739785,4556551,229
2021,Caterers,LA,424,633,1392,1082,2921,880,18655108,7460052,591
2021,Caterers,MA,2692,4022,8845,6878,498277,5594,14555882,7964528,454
2021,Caterers,MD,1904,2845,6257,4866,352481,3957,15485158,7090650,602
2021,Caterers,ME,104,156,343,266,719,217,1213492,585631,59
2021,Caterers,MI,1054,1575,3465,2694,7271,2191,15610805,6566685,591
2021,Caterers,MN,465,695,1528,1188,3207,966,10303788,4284078,327
2021,Caterers,MO,534,798,1755,1364,3682,1110,10763513,4431143,341
2021,Caterers,MS,75,112,246,191,516,156,4026153,1918372,131
2021,Caterers,MT,55,82,180,140,378,114,1499369,629829,64
2021,Caterers,NC,583,872,1917,1491,4023,1212,17922135,7809060,651
2021,Caterers,ND,24,36,79,61,165,50,1541410,506087,54
2021,Caterers,NE,137,205,450,350,944,285,2955462,1354155,104
2021,Caterers,NH,145,216,476,370,999,301,1988879,851516,67
2021,Caterers,NJ,3519,5258,11561,8991,651290,7311,27371777,13621748,903
2021,Caterers,NM,59,88,194,151,407,123,2590668,991919,111
2021,Caterers,NV,139,207,456,354,957,288,5743028,3895677,146
2021,Caterers,NY,6894,10301,22652,17615,1276082,14325,47169378,24306582,1787
2021,Caterers,OH,1094,1634,3593,2794,7541,2272,18088788,8714725,644
2021,Caterers,OK,270,403,887,690,1862,561,4937381,1552484,180
2021,Caterers,OR,712,1064,2340,1820,131814,1480,7264647,3465731,291
2021,Caterers,PA,1095,1636,3596,2797,7548,2274,27309995,11558788,1163
2021,Caterers,RI,480,717,1577,1227,88853,997,2288991,1074809,77
2021,Caterers,SC,417,623,1370,1065,2874,866,6323908,2793712,271
2021,Caterers,SD,27,41,90,70,189,57,1156214,452682,40
2021,Caterers,TN,373,558,1226,953,2573,775,12730781,6248932,432
2021,Caterers,TX,1831,2736,6017,4679,12629,3805,54049016,20184856,1791
2021,Caterers,UT,262,391,860,668,1804,544,3916346,1860778,149
2021,Caterers,VA,516,772,1697,1320,3561,1073,20405160,7250538,683
2021,Caterers,VT,185,276,606,472,34166,384,1039430,516972,53
2021,Caterers,WA,1572,2349,5166,4017,291028,3267,9596357,4942706,369
2021,Caterers,WI,472,706,1552,1207,3257,981,7350705,2832271,209
2021,Caterers,WV,23,34,76,59,159,48,2471718,1304877,75
2021,Caterers,WY,32,48,106,82,222,67,364202,194408,21
2021,Full-Service Restaurants,AK,548,1097,2497,1998,5145,1670,17524658,7930288,536
2021,Full-Service Restaurants,AL,13410,23967,41776,38110,95128,28629,114919066,55257916,2515
2021,Full-Service Restaurants,AR,6620,11568,25151,19162,50655,16018,57327297,27368723,1473
2021,Full-Service Restaurants,AZ,16219,28659,64912,49517,130109,38258,231204016,110959477,5695
2021,Full-Service Restaurants,CA,176715,318658,760110,564948,3425481,458633,1491779280,794580236,37185
2021,Full-Service Restaurants,CO,14541,24564,57419,43620,114168,33749,195507751,103100674,5185
2021,Full-Service Restaurants,CT,16906,25990,63336,48772,290551,38927,120343956,60474007,3361
2021,Full-Service Restaurants,DE,2765,4265,8082,7740,18826,5809,31002852,15679448,678
2021,Full-Service Restaurants,FL,72930,110695,239601,213311,520556,160004,1091889938,545086763,26689
2021,Full-Service Restaurants,GA,31135,59162,102498,88323,228055,67794,328385069,161709183,8715
2021,Full-Service Restaurants,HI,2059,3755,11305,8374,21485,6943,47021028,26033493,1256
2021,Full-Service Restaurants,IA,4784,8307,18033,14997,37979,11570,72193464,33206640,1820
2021,Full-Service Restaurants,ID,2773,5029,9035,7957,20233,5941,44499435,22406502,1161
2021,Full-Service Restaurants,IL,25831,42066,101383,70118,193065,52675,457530753,172110037,8015
2021,Full-Service Restaurants,IN,17150,27217,53628,46606,118705,36874,179232020,92210621,3993
2021,Full-Service Restaurants,KS,6694,11498,26162,18279,50621,14911,69447305,31150086,1591
2021,Full-Service Restaurants,KY,12902,23709,46391,34614,94524,26030,124588267,52728895,2532
2021,Full-Service Restaurants,LA,8076,15434,25024,22674,58406,18204,141610876,70263704,3627
2021,Full-Service Restaurants,MA,39856,66080,162705,116884,719490,89676,225664512,128226200,5512
2021,Full-Service Restaurants,MD,37572,61436,151165,118762,703736,97719,180724719,100684668,4232
2021,Full-Service Restaurants,ME,2105,3303,8255,5267,15215,4485,32779303,17802552,846
2021,Full-Service Restaurants,MI,17643,28216,60964,51713,130275,39609,221672537,108875859,5045
2021,Full-Service Restaurants,MN,10046,15529,33102,29584,72370,22030,230070334,82800974,3264
2021,Full-Service Restaurants,MO,14169,24004,49915,41152,105547,32360,144680428,72769743,3440
2021,Full-Service Restaurants,MS,5819,12152,17780,15916,42008,12828,63254949,29759780,1505
2021,Full-Service Restaurants,MT,1687,2552,5918,5625,13127,4227,26322278,13536977,729
2021,Full-Service Restaurants,NC,24481,42180,87278,67754,180192,53780,308233980,139881415,6707
2021,Full-Service Restaurants,ND,2063,3111,7521,6423,15784,4928,16562681,8094718,389
2021,Full-Service Restaurants,NE,3554,6364,13052,10664,27576,8284,45284162,21322996,1064
2021,Full-Service Restaurants,NH,3315,5432,13620,7896,24162,6921,36300358,17670294,899
2021,Full-Service Restaurants,NJ,45045,70912,170119,138095,803559,107153,270200753,137190094,7794
2021,Full-Service Restaurants,NM,4869,8725,17576,13968,36698,10333,64272620,34369453,1449
2021,Full-Service Restaurants,NV,7624,13075,30890,24556,62652,18722,88667002,47630073,2060
2021,Full-Service Restaurants,NY,66333,109845,253506,203812,1204498,162368,655536002,349778872,21625
2021,Full-Service Restaurants,OH,33071,58883,112935,88125,236879,66922,316165971,160219719,6108
2021,Full-Service Restaurants,OK,12088,16946,39532,34346,83152,25877,97897029,47456845,2436
2021,Full-Service Restaurants,OR,14095,28889,48233,39793,241657,29568,173535138,93281339,4570
2021,Full-Service Restaurants,PA,27154,43916,91359,76320,195225,58782,369538808,175983154,10298
2021,Full-Service Restaurants,RI,4783,7716,17698,13668,82699,10810,34542472,17218048,941
2021,Full-Service Restaurants,SC,13440,25845,43448,37240,97230,28256,124779354,62916254,3011
2021,Full-Service Restaurants,SD,1680,2637,6017,5021,12641,4071,16340541,7779017,434
2021,Full-Service Restaurants,TN,20417,36607,72236,57555,151925,45804,318089549,113920222,4233
2021,Full-Service Restaurants,TX,82199,129874,354485,227372,638524,195784,1153776264,513530393,23064
2021,Full-Service Restaurants,UT,4743,9376,18082,15158,38891,11721,86530475,38043804,1978
2021,Full-Service Restaurants,VA,25151,41150,103977,72351,196772,60290,268595552,134843876,6916
2021,Full-Service Restaurants,VT,1375,2141,4695,3634,22600,2860,17667590,9395988,522
2021,Full-Service Restaurants,WA,24149,42829,89457,79521,447867,60772,221033286,116212675,5916
2021,Full-Service Restaurants,WI,8531,13119,29693,27538,65654,21060,117398429,56128875,2672
2021,Full-Service Restaurants,WV,4283,8255,14674,11283,31140,8694,52871567,17889779,908
2021,Full-Service Restaurants,WY,803,1743,2578,2173,5876,1636,15183837,7406158,360
2021,Limited-Service Restaurants,AK,2360,6054,4543,3378,13279,2522,11949592,6517993,365
2021,Limited-Service Restaurants,AL,33468,75096,53803,46333,166914,31395,68275350,36112020,1738
2021,Limited-Service Restaurants,AR,19451,43816,33624,27558,98654,18711,64188845,27523714,1228
2021,Limited-Service Restaurants,AZ,38272,98773,72045,55369,213729,39049,129204389,77116682,3547
2021,Limited-Service Restaurants,CA,514515,1377184,1019752,750287,9861713,537351,841419089,412710218,18392
2021,Limited-Service Restaurants,CO,31408,78326,60304,44428,172719,32298,115568791,69189279,3147
2021,Limited-Service Restaurants,CT,40908,132072,71431,48989,814524,39511,71518381,38602401,2268
2021,Limited-Service Restaurants,DE,4069,11432,8043,5504,23898,4142,17085134,9295208,420
2021,Limited-Service Restaurants,FL,108879,277826,196711,149432,593423,106969,659724522,346510369,14737
2021,Limited-Service Restaurants,GA,66882,157319,112165,90327,345665,63601,220508063,113119206,5155
2021,Limited-Service Restaurants,HI,5412,17008,10417,7478,33002,5436,27317273,12762887,580
2021,Limited-Service Restaurants,IA,15794,35248,32036,24098,84792,17515,61302257,31983670,1472
2021,Limited-Service Restaurants,ID,8273,20604,16546,12355,45903,8736,30553843,15462218,981
2021,Limited-Service Restaurants,IL,66145,166763,117968,92825,363246,68419,1019693945,137528561,5791
2021,Limited-Service Restaurants,IN,38892,88185,68985,55934,200744,39509,127757481,65285165,3165
2021,Limited-Service Restaurants,KS,17606,43853,34014,25531,95897,17950,155340632,125560696,1260
2021,Limited-Service Restaurants,KY,28984,66299,50829,41040,148581,28568,116021801,48433295,1994
2021,Limited-Service Restaurants,LA,28167,63384,44086,38511,139508,25965,93794679,50757942,2101
2021,Limited-Service Restaurants,MA,69679,257860,141124,84701,1523256,69836,111658997,60588217,3214
2021,Limited-Service Restaurants,MD,79038,206878,151597,110065,1475436,81688,123324899,68211774,2869
2021,Limited-Service Restaurants,ME,4629,14459,8328,5912,28087,4624,17600846,10398674,463
2021,Limited-Service Restaurants,MI,50852,123890,99884,75472,280642,55242,209633634,99158214,4519
2021,Limited-Service Restaurants,MN,24149,59815,49171,35929,136463,26975,123854824,67336992,2572
2021,Limited-Service Restaurants,MO,35639,82566,66225,52220,187414,36390,125838772,73602367,2622
2021,Limited-Service Restaurants,MS,19306,41417,31806,27522,95607,18621,52086715,25190488,1097
2021,Limited-Service Restaurants,MT,4445,9893,9546,6943,24109,4968,18198863,8984717,519
2021,Limited-Service Restaurants,NC,64414,147893,108646,88112,331713,62471,240036172,99422842,4747
2021,Limited-Service Restaurants,ND,3670,8211,7826,5510,19896,4053,17362927,7698267,356
2021,Limited-Service Restaurants,NE,11518,28308,21827,16159,62642,12192,45508553,20081541,855
2021,Limited-Service Restaurants,NH,5166,17283,9918,6587,32853,5196,16838526,9470438,546
2021,Limited-Service Restaurants,NJ,86340,281222,164971,108040,1752728,82881,178120780,103127183,5291
2021,Limited-Service Restaurants,NM,11019,25770,19339,15865,57637,11000,37040193,17227169,889
2021,Limited-Service Restaurants,NV,18544,48355,35029,26223,103279,18452,51044477,30389549,1266
2021,Limited-Service Restaurants,NY,173681,568003,321532,213220,3505496,168325,443734960,219238864,14597
2021,Limited-Service Restaurants,OH,67220,161150,123997,94426,355617,67953,238278559,133884713,5574
2021,Limited-Service Restaurants,OK,25827,60145,48038,37420,135305,25900,76915488,34090230,1745
2021,Limited-Service Restaurants,OR,52232,150378,108879,73626,1031104,55276,93847066,54930083,2517
2021,Limited-Service Restaurants,PA,47506,134852,90686,64353,275499,48176,246147491,121440108,7562
2021,Limited-Service Restaurants,RI,12024,40266,23381,15012,248512,12061,19343948,11134534,559
2021,Limited-Service Restaurants,SC,32397,73195,51783,43786,163200,30327,91339143,45037153,2150
2021,Limited-Service Restaurants,SD,4553,10146,10471,7086,25238,5274,21025273,12699489,388
2021,Limited-Service Restaurants,TN,45281,105022,76185,63704,232195,43508,163324404,74232365,3152
2021,Limited-Service Restaurants,TX,182437,420392,309345,250715,935606,172803,623814993,332151523,13523
2021,Limited-Service Restaurants,UT,16975,38235,32789,24760,88489,17354,58875500,29096476,1364
2021,Limited-Service Restaurants,VA,47937,121664,85916,65517,259645,46908,145230389,82783748,4036
2021,Limited-Service Restaurants,VT,4673,13948,8404,6104,90383,4845,9242999,5438619,308
2021,Limited-Service Restaurants,WA,85611,234161,179265,123519,1660954,93412,141331042,77433146,3661
2021,Limited-Service Restaurants,WI,26778,56238,49171,40996,137194,29347,110993606,55006410,2228
2021,Limited-Service Restaurants,WV,9921,23624,18469,14244,52545,10066,25949914,14071677,740
2021,Limited-Service Restaurants,WY,3388,7676,6977,4854,17687,3464,7573466,4216005,215
2022,Caterers,AK,17,26,56,44,331,35,764348,298453,36
2022,Caterers,AL,85,127,280,218,1652,177,5080187,2268033,212
2022,Caterers,AR,76,113,248,193,1463,157,2369076,1060134,95
2022,Caterers,AZ,279,417,917,713,5406,580,11087986,4290133,480
2022,Caterers,CA,13535,20223,44470,34582,4721339,28123,88978698,46515199,2887
2022,Caterers,CO,338,506,1112,865,6555,703,11389335,5244687,457
2022,Caterers,CT,1610,2406,5290,4114,561665,3346,10472682,5134245,426
2022,Caterers,DE,21,31,69,53,406,43,1756967,632715,74
2022,Caterers,FL,932,1393,3063,2382,18057,1937,66639819,28071934,2864
2022,Caterers,GA,511,763,1678,1305,9892,1061,25295019,8775003,1110
2022,Caterers,HI,119,178,391,304,2306,247,4599795,2778078,116
2022,Caterers,IA,80,120,263,204,1550,166,5565514,1740769,155
2022,Caterers,ID,54,80,176,137,1037,111,1465648,550027,81
2022,Caterers,IL,946,1413,3107,2416,18315,1965,28176421,14767870,861
2022,Caterers,IN,376,562,1236,961,7289,782,9785798,3999187,411
2022,Caterers,KS,103,154,338,263,1990,213,3440670,1672872,127
2022,Caterers,KY,203,303,667,518,3931,422,19739785,4556551,229
2022,Caterers,LA,263,393,865,672,5098,547,18655108,7460052,591
2022,Caterers,MA,4181,6246,13736,10681,1458314,8686,14555882,7964528,454
2022,Caterers,MD,2708,4047,8899,6920,944760,5627,15485158,7090650,602
2022,Caterers,ME,69,103,227,177,1341,144,1213492,585631,59
2022,Caterers,MI,737,1102,2423,1884,14285,1532,15610805,6566685,591
2022,Caterers,MN,349,522,1148,893,6767,726,10303788,4284078,327
2022,Caterers,MO,399,597,1312,1021,7737,830,10763513,4431143,341
2022,Caterers,MS,56,84,185,144,1092,117,4026153,1918372,131
2022,Caterers,MT,39,58,128,100,756,81,1499369,629829,64
2022,Caterers,NC,391,584,1285,999,7575,813,17922135,7809060,651
2022,Caterers,ND,14,21,46,36,271,29,1541410,506087,54
2022,Caterers,NE,94,141,310,241,1826,196,2955462,1354155,104
2022,Caterers,NH,93,139,306,238,1801,193,1988879,851516,67
2022,Caterers,NJ,4844,7237,15915,12376,1689693,10065,27371777,13621748,903
2022,Caterers,NM,45,67,148,115,871,93,2590668,991919,111
2022,Caterers,NV,120,179,393,306,2319,249,5743028,3895677,146
2022,Caterers,NY,10246,15309,33664,26178,3574067,21289,47169378,24306582,1787
2022,Caterers,OH,751,1122,2467,1919,14546,1560,18088788,8714725,644
2022,Caterers,OK,175,261,575,447,3388,363,4937381,1552484,180
2022,Caterers,OR,1001,1496,3290,2559,349306,2081,7264647,3465731,291
2022,Caterers,PA,830,1240,2727,2121,16079,1725,27309995,11558788,1163
2022,Caterers,RI,505,755,1661,1292,176331,1050,2288991,1074809,77
2022,Caterers,SC,288,430,947,736,5580,599,6323908,2793712,271
2022,Caterers,SD,16,24,53,41,311,33,1156214,452682,40
2022,Caterers,TN,274,409,900,700,5307,569,12730781,6248932,432
2022,Caterers,TX,1257,1879,4132,3213,24358,2613,54049016,20184856,1791
2022,Caterers,UT,198,296,650,505,3831,411,3916346,1860778,149
2022,Caterers,VA,408,609,1340,1042,7901,848,20405160,7250538,683
2022,Caterers,VT,263,393,864,672,91746,546,1039430,516972,53
2022,Caterers,WA,2307,3448,7581,5896,804903,4794,9596357,4942706,369
2022,Caterers,WI,347,518,1139,885,6712,720,7350705,2832271,209
2022,Caterers,WV,13,20,44,34,261,28,2471718,1304877,75
2022,Caterers,WY,19,29,64,50,376,40,364202,194408,21
2022,Full-Service Restaurants,AK,333,670,1537,1239,8916,1041,17524658,7930288,536
2022,Full-Service Restaurants,AL,8155,14567,25501,23441,163547,17649,114919066,55257916,2515
2022,Full-Service Restaurants,AR,4025,7045,15364,11838,87306,9909,57327297,27368723,1473
2022,Full-Service Restaurants,AZ,9842,17408,39634,30438,223606,23587,231204016,110959477,5695
2022,Full-Service Restaurants,CA,193048,348396,836448,625197,19340057,508529,1491779280,794580236,37185
2022,Full-Service Restaurants,CO,8830,14927,35024,26806,196120,20779,195507751,103100674,5185
2022,Full-Service Restaurants,CT,18501,28465,69535,53963,1629880,43136,120343956,60474007,3361
2022,Full-Service Restaurants,DE,1680,2594,4930,4747,32314,3568,31002852,15679448,678
2022,Full-Service Restaurants,FL,44295,67299,146222,131089,894534,98495,1091889938,545086763,26689
2022,Full-Service Restaurants,GA,18901,35913,62525,54207,391425,41685,328385069,161709183,8715
2022,Full-Service Restaurants,HI,1253,2294,6957,5192,37227,4321,47021028,26033493,1256
2022,Full-Service Restaurants,IA,2904,5049,11028,9223,65330,7134,72193464,33206640,1820
2022,Full-Service Restaurants,ID,1683,3056,5510,4885,34735,3656,44499435,22406502,1161
2022,Full-Service Restaurants,IL,15645,25513,61591,42907,330358,32311,457530753,172110037,8015
2022,Full-Service Restaurants,IN,10397,16544,32686,28577,203637,22649,179232020,92210621,3993
2022,Full-Service Restaurants,KS,4056,6977,15921,11200,86731,9148,69447305,31150086,1591
2022,Full-Service Restaurants,KY,7823,14389,28205,21228,161972,16010,124588267,52728895,2532
2022,Full-Service Restaurants,LA,4900,9385,15296,13948,100451,11229,141610876,70263704,3627
2022,Full-Service Restaurants,MA,43572,72311,178359,129178,4061054,99332,225664512,128226200,5512
2022,Full-Service Restaurants,MD,41040,67276,166470,131658,3880860,108508,180724719,100684668,4232
2022,Full-Service Restaurants,ME,1277,2007,5013,3226,26051,2749,32779303,17802552,846
2022,Full-Service Restaurants,MI,10715,17162,37208,31764,223831,24381,221672537,108875859,5045
2022,Full-Service Restaurants,MN,6105,9431,20202,18135,124198,13521,230070334,82800974,3264
2022,Full-Service Restaurants,MO,8609,14598,30466,25303,181421,19930,144680428,72769743,3440
2022,Full-Service Restaurants,MS,3530,7379,10854,9772,72124,7891,63254949,29759780,1505
2022,Full-Service Restaurants,MT,1025,1551,3632,3460,22619,2607,26322278,13536977,729
2022,Full-Service Restaurants,NC,14846,25619,53177,41576,309148,33066,308233980,139881415,6707
2022,Full-Service Restaurants,ND,1252,1892,4600,3949,27152,3037,16562681,8094718,389
2022,Full-Service Restaurants,NE,2157,3865,7975,6550,47383,5102,45284162,21322996,1064
2022,Full-Service Restaurants,NH,2009,3296,8258,4822,41276,4229,36300358,17670294,899
2022,Full-Service Restaurants,NJ,49269,77670,186988,152809,4486615,118778,270200753,137190094,7794
2022,Full-Service Restaurants,NM,2953,5293,10707,8557,62900,6347,64272620,34369453,1449
2022,Full-Service Restaurants,NV,4633,7949,18891,15106,107804,11551,88667002,47630073,2060
2022,Full-Service Restaurants,NY,72556,120374,278918,225694,6740169,180213,655536002,349778872,21625
2022,Full-Service Restaurants,OH,20035,35716,68657,53920,405421,41033,316165971,160219719,6108
2022,Full-Service Restaurants,OK,7359,10297,24097,21094,142804,15892,97897029,47456845,2436
2022,Full-Service Restaurants,OR,15384,31517,52858,43861,1365060,32649,173535138,93281339,4570
2022,Full-Service Restaurants,PA,16481,26691,55681,46819,334991,36123,369538808,175983154,10298
2022,Full-Service Restaurants,RI,5230,8449,19418,15097,463556,11962,34542472,17218048,941
2022,Full-Service Restaurants,SC,8152,15685,26475,22835,166729,17364,124779354,62916254,3011
2022,Full-Service Restaurants,SD,1020,1603,3678,3084,21728,2503,16340541,7779017,434
2022,Full-Service Restaurants,TN,12400,22249,44055,35364,260940,28194,318089549,113920222,4233
2022,Full-Service Restaurants,TX,49847,78893,215771,139726,1095645,120315,1153776264,513530393,23064
2022,Full-Service Restaurants,UT,2883,5701,11076,9345,67021,7253,86530475,38043804,1978
2022,Full-Service Restaurants,VA,15257,25001,63373,44454,337837,37071,268595552,134843876,6916
2022,Full-Service Restaurants,VT,1501,2343,5141,4000,123943,3155,17667590,9395988,522
2022,Full-Service Restaurants,WA,26416,46892,98583,88106,2520694,67454,221033286,116212675,5916
2022,Full-Service Restaurants,WI,5187,7984,18204,16943,113098,12988,117398429,56128875,2672
2022,Full-Service Restaurants,WV,2597,5012,8927,6916,53367,5348,52871567,17889779,908
2022,Full-Service Restaurants,WY,486,1057,1569,1333,10073,1006,15183837,7406158,360
2022,Limited-Service Restaurants,AK,1422,3706,2699,2004,22541,1502,11949592,6517993,365
2022,Limited-Service Restaurants,AL,20203,45231,31706,27572,280990,18669,68275350,36112020,1738
2022,Limited-Service Restaurants,AR,11707,26331,19731,16333,165442,11074,64188845,27523714,1228
2022,Limited-Service Restaurants,AZ,23087,60175,42906,33024,362711,23341,129204389,77116682,3547
2022,Limited-Service Restaurants,CA,560500,1516079,1098512,809578,24207280,580994,841419089,412710218,18392
2022,Limited-Service Restaurants,CO,18980,47893,36007,26529,293816,19332,115568791,69189279,3147
2022,Limited-Service Restaurants,CT,44988,148312,78991,53176,2033867,43368,71518381,38602401,2268
2022,Limited-Service Restaurants,DE,2470,7029,4812,3288,40840,2485,17085134,9295208,420
2022,Limited-Service Restaurants,FL,65872,169416,116990,89048,1007558,63894,659724522,346510369,14737
2022,Limited-Service Restaurants,GA,40582,95584,66627,54022,586433,38059,220508063,113119206,5155
2022,Limited-Service Restaurants,HI,3269,10402,6243,4472,56285,3264,27317273,12762887,580
2022,Limited-Service Restaurants,IA,9471,21321,18791,14225,142251,10341,61302257,31983670,1472
2022,Limited-Service Restaurants,ID,4967,12488,9771,7323,77345,5181,30553843,15462218,981
2022,Limited-Service Restaurants,IL,39956,102052,70463,55385,618333,40969,1019693945,137528561,5791
2022,Limited-Service Restaurants,IN,23365,53264,40678,33166,337669,23436,127757481,65285165,3165
2022,Limited-Service Restaurants,KS,10562,26484,20001,15088,161043,10609,155340632,125560696,1260
2022,Limited-Service Restaurants,KY,17429,39920,29859,24313,249365,16912,116021801,48433295,1994
2022,Limited-Service Restaurants,LA,17007,38180,26018,22934,235010,15456,93794679,50757942,2101
2022,Limited-Service Restaurants,MA,76575,289491,154940,91379,3796420,76286,111658997,60588217,3214
2022,Limited-Service Restaurants,MD,86243,228158,162724,118320,3617203,88055,123324899,68211774,2869
2022,Limited-Service Restaurants,ME,2813,8971,5055,3537,48444,2794,17600846,10398674,463
2022,Limited-Service Restaurants,MI,30560,75361,58865,44614,473282,32722,209633634,99158214,4519
2022,Limited-Service Restaurants,MN,14521,36528,29122,21298,230943,16033,123854824,67336992,2572
2022,Limited-Service Restaurants,MO,21394,49771,38893,30889,314436,21516,125838772,73602367,2622
2022,Limited-Service Restaurants,MS,11635,24862,18653,16341,160376,11038,52086715,25190488,1097
2022,Limited-Service Restaurants,MT,2656,5957,5590,4091,40287,2925,18198863,8984717,519
2022,Limited-Service Restaurants,NC,39058,90032,64537,52612,562961,37352,240036172,99422842,4747
2022,Limited-Service Restaurants,ND,2202,4974,4600,3253,33403,2394,17362927,7698267,356
2022,Limited-Service Restaurants,NE,6950,17295,12958,9604,106234,7264,45508553,20081541,855
2022,Limited-Service Restaurants,NH,3145,10750,6033,3945,56809,3146,16838526,9470438,546
2022,Limited-Service Restaurants,NJ,94568,313213,179910,116538,4339721,90210,178120780,103127183,5291
2022,Limited-Service Restaurants,NM,6626,15575,11428,9423,97108,6538,37040193,17227169,889
2022,Limited-Service Restaurants,NV,11204,29478,20905,15668,175510,11048,51044477,30389549,1266
2022,Limited-Service Restaurants,NY,190358,634177,351782,230141,8697873,183468,443734960,219238864,14597
2022,Limited-Service Restaurants,OH,40459,97736,73219,55956,599638,40313,238278559,133884713,5574
2022,Limited-Service Restaurants,OK,15525,36141,28134,22148,226607,15300,76915488,34090230,1745
2022,Limited-Service Restaurants,OR,56784,166390,117133,78845,2529390,59498,93847066,54930083,2517
2022,Limited-Service Restaurants,PA,28676,82528,53960,38193,468257,28723,246147491,121440108,7562
2022,Limited-Service Restaurants,RI,13200,45081,25539,16178,617305,13132,19343948,11134534,559
2022,Limited-Service Restaurants,SC,19649,44431,30748,26168,276709,18142,91339143,45037153,2150
2022,Limited-Service Restaurants,SD,2730,6147,6124,4167,42263,3101,21025273,12699489,388
2022,Limited-Service Restaurants,TN,27280,63359,44937,37851,390956,25852,163324404,74232365,3152
2022,Limited-Service Restaurants,TX,110479,254645,183521,149821,1583580,103266,623814993,332151523,13523
2022,Limited-Service Restaurants,UT,10207,23091,19357,14704,148865,10297,58875500,29096476,1364
2022,Limited-Service Restaurants,VA,28992,74110,51109,39069,440649,28027,145230389,82783748,4036
2022,Limited-Service Restaurants,VT,5102,15564,9135,6553,223392,5249,9242999,5438619,308
2022,Limited-Service Restaurants,WA,93006,258712,191921,131984,4063302,100225,141331042,77433146,3661
2022,Limited-Service Restaurants,WI,16031,33890,28879,24258,229972,17364,110993606,55006410,2228
2022,Limited-Service Restaurants,WV,5952,14223,10815,8406,87991,5937,25949914,14071677,740
2022,Limited-Service Restaurants,WY,2032,4630,4097,2861,29612,2040,7573466,4216005,215
